{
  "IsEncrypted": false,
  "Values": {
    "AzureWebJobsStorage": "DefaultEndpointsProtocol=https;AccountName=saedafunc;AccountKey=sXRaZKKCfHYoPWeJMzKrBo31FpD/xKSxnF8nQmbvKh2jmivxTHDEf1lNe9PZWxtmB3VaWuNctSPS+AStYtem3w==;EndpointSuffix=core.windows.net",
    "FUNCTIONS_WORKER_RUNTIME": "node",
    "ServiceBusConnection": "Endpoint=sb://eda-lab-webinar.servicebus.windows.net/;SharedAccessKeyName=RootManageSharedAccessKey;SharedAccessKey=UZxWeXyGqtsKh3Sxw4LtpfQgsDsO1CBJb+ASbLy0cyA=",
    "CosmosDBConnection": "mongodb://webinar-eda-cosmosdb:pAS0svyrSwjn3c2Litim1PZN8lNJqmMStCTbSFqY9EuCIkDYXmTXr3vF0C18bBR2uPYyTFgcwUcPACDbD9IZsQ==@webinar-eda-cosmosdb.mongo.cosmos.azure.com:10255/?ssl=true&retrywrites=false&maxIdleTimeMS=120000&appName=@webinar-eda-cosmosdb@"
  }
}